USE shopdb

INSERT INTO Workers (fullname, salary, job, address, passport_number)
    VALUES ('Иванов Иван Иванович', 35000, 'Менеджер по продажам', 'Москва, ул. Чертановская, 27', '4321567000'),
           ('Спиридон Гектор Прокофьевич', 23000, 'Продавец', 'Москва, ул. Невского, 55', '4521234562'),
           ('Алексеев Павел Анатольевич', 22000, 'Продавец', 'Зеленоград, ул. Кржижановского, 1', '4367451234'),
           ('Алёхина Елена Дмитриевна', 22000, 'Продавец', 'Москва, ул. Ленинградская, 61', '5465135463'),
           ('Кириллов Кирилл Сергеевич', 75000, 'Директор', 'Химки, ул. Никитина, 123', '6355123123'),
           ('Парафёнова Ирина Игоревна', 15000, 'Уборщица', 'Химки, ул. Ушакова, 8', '6623563466'),
           ('Николаева Алёна Сергеевна', 22000, 'Продавец', 'Москва, ул. Парнякова, 23', '1556623467'),
           ('Товаркин Дмитрий Дмитриевич', 60000, 'Зам. Директора', 'Москва, пр. Строителей, 61', '6744888654'),
           ('Михайло Матвей Иванов', 25000, 'Курьер', 'Зеленоград, ул. Горькова, 156', '6878922055'),
           ('Айрапетян Мелик Джахмудович', 60000, 'Зам. Директора', 'Подольск, ул. Советская, 11', '1233456765'),
           ('Скуратов Нурзат Павлович', 25000, 'Курьер', 'Подольск, ул. Королёва, 5', '8989090955'),
           ('Кукояка Юлия Алексеевна', 45000, 'Начальник отдела продаж', 'Можайск, ул. Мирошника, 78', '4532156145'),
           ('Никифиров Денис Кириллович', 30000, 'Бухгалтер', 'Москва, ул. Профсоюзов, 54', '1212688256'),
           ('Миминяко Юджин Витальевич', 25000, 'Курьер', 'Подольск, ул. Алёхина, 22', '1146566566'),
           ('Шустрый Максим Евгеньевич', 45000, 'Начальник отдела рекламы', 'Реутов, ул. Советская, 5А', '6709566000'),
           ('Шустрая Елизавета Дмитриевна', 22000, 'Кладовщик', 'Реутов, ул. Советская, 5А', '5632144673'),
           ('Алый Казантип Валерьевич', 25000, 'Курьер', 'Москва, пр. Академика Сахарова, 8', '6458134624')

INSERT INTO Suppliers (name, address)
    VALUES ('ООО "Молоко деревенское"', 'Пермь, ул. Ленина, 23'),
           ('ООО "Посуда для кухни"', 'Рязань, ул. Пешеходная, 1Б'),
           ('Живи и радуйся', 'Якутск, ул. Спартака, 13'),
           ('ООО "Ваше Здоровье"', 'Москва, проспект Правды, 19 стр 3'),
           ('Ткани из Китая', 'Нижний Новгород, ул. Гагарина, 23'),
           ('ООО "Мир ковров"', 'Сочи, ул. Декабристов, 2'),
           ('ООО "Мяско"', 'Можайск, ул. Адмирала Корнилова, 14'),
           ('ОАО "Экспресс"', 'Челябинск, ул. Надежды, 1'),
           ('Спортпит', 'Балашиха , ул. Варшавская, 5А'),
           ('ООО "Одежда из Италии"', 'Санкт-Петербург , ул. Гагарина, 33'),
           ('ООО "Куриный рай"', 'Череповец, ул. Рябиновая, 33Б'),
           ('ООО "Аксессуары"', 'Владимир, ул. Столовая, 2А'),
           ('ООО "Творчество"', 'Казань, ул. России, 14'),
           ('ООО "Золотая жизнь"', 'Ижевск, ул. Октябрьская, 18'),
           ('Кочевник', 'Подольск, ул. Николаева, 1А')

INSERT INTO Discount_cards (discount, start_date, expiration)
    VALUES (0.05, '04/01/2018', '04/01/2027'),
           (0.10, '23/12/2019', '23/12/2024'),
           (0.15, '09/02/2020', '09/03/2020'),
           (0.20, '15/08/2015', '15/08/2020'),
           (0.25, '20/02/2020', '20/02/2030'),
           (0.30, '03/12/2017', '03/12/2020'),
           (0.02, '07/09/2019', '07/09/2026'),
           (0.15, '27/02/2020', '27/02/2025'),
           (0.20, '13/03/2020', '13/05/2020'),
           (0.03, '16/11/2019', '16/05/2023'),
           (0.05, '20/12/2017', '22/03/2022'),
           (0.10, '11/11/2018', '05/05/2028'),
           (0.23, '15/05/2019', '14/05/2029'),
           (0.30, '24/07/2017', '24/07/2027'),
           (0.05, '31/12/2018', '31/10/2022')

INSERT INTO Customers (fullname, card_id, address, email)
    VALUES ('Анашкин Павел Анатольевич', 4, 'Москва, ул. Профсоюзов, 51', 'anas2341@yandex.ru'),
           ('Скоропадский Ефим Фёдорович', 3, 'Нелидово, ул. Ленина, 10', 'sco15@mail.ru'),
           ('Быков Устин Владимирович', NULL, 'Георгиевское, ул. Троллейная, 83', 'bikov1@yandex.ru'),
           ('Васильев Вало Максимович', NULL, 'Комсомольское, ул. Нижегородская, 90', '15vasiler@mail.ru'),
           ('Линник Доминик Артёмович', 1, 'Сыктывкар, ул. Каменогорский 1-й пер, 60', 'linndodd@mail.ru'),
           ('Соколов Харитон Викторович', 15, 'Старожилово, ул. Капитанская, 65', 'sokolll@mail.ru'),
           ('Дьячкова Капитолина Платоновна', 14, 'Углич, ул. Арзамасская, 76', 'dyachokgs@mail.ru'),
           ('Выговский Ярослав Викторович', 6, 'Еловое, ул. Марии Поливановой, 91', 'vigovsky556@yandex.ru'),
           ('Кабанова Эдита Михайловна', 2, 'Северодвинск, ул. Хохрякова, 65', 'kabanovaeditmih@yandex.ru'),
           ('Кулишенко Елизавета Борисовна', NULL, 'Октябрьск, ул. Волконский 2-й пер, 42', 'kulishenkoelz11@google.com'),
           ('Гущин Осип Юхимович', 5, 'Москва, ул. Никитина, 11А', 'gushoi@mail.ru'),
           ('Петухов Никита Григорьевич', NULL, 'Балашов, ул. Музыкантский пер, 58', 'petuh228@mail.ru'),
           ('Андрейко Розалина Фёдоровна', 13, 'Москва, ул. Красного маяка, 51', 'Andrejko24@mail.ru'),
           ('Сергеев Марат Леонидович', 11, 'Москва, ул. Александрова, 5А', 'sergeem@yandex.ru'),
           ('Игнатьева Алиса Михайловна', NULL, 'Россошь, ул. Александра Невского, 63', 'ignatalisa@yandex.ru'),
           ('Кириленко Харита Петровна', 12, 'Яблоневка, ул. Андреевская, 94', 'kirilhari@mail.ru'),
           ('Ефремов Тарас Львович', NULL, 'Частые, ул. Шаврова, 6', 'gaguda123@yandex.ru'),
           ('Александрова Анна Романовна', 10, 'Москва, ул. Красного знамени, 1', 'alexkos@google.com'),
           ('Кравчук Болеслав Богданович', 9, 'Москва, ул. Ленинградская, 103', 'kravchuk@google.com'),
           ('Костин Харитон Львович', NULL, 'Весново, ул. Даурская, 68', 'kostinsg@yandex.ru'),
           ('Марочко Трофим Александрович', 7, 'Некрасовское, ул. Быстрая, 43', 'marocahaf@yandex.ru'),
           ('Бирюков Рафаил Романович', 8, 'Москва, ул. Преображенская, 72', 'birukovtrofff@yandex.ru'),
           ('Котовска Юзефа Фёдоровна', NULL, 'Москва, ул. Крестовский 2-й пер, 115', 'kotakotakota@google.com'),
           ('Гелетей Ульяна Романовна', NULL, 'Москва, ул. Комбайнеров, 68', 'geletaf@google.com')

INSERT INTO Products (name, company, quantity_stock, supplier_name)
    VALUES ('Гроб деревянный', 'ООО "Васян и партнеры"', 12, 'Живи и радуйся'),
           ('Сабля печенегов', 'ИП Азимов А.В.', 5, 'Кочевник'),
           ('Ковер "Молодежный"', 'ИП Самса А.П.', 56, 'ООО "Мир ковров"'),
           ('Батончик протеиновый', 'ООО "Спортивное питание"', 10, 'Спортпит'),
           ('Смартфон Xiaomi Redmi Note 8 Pro', 'Xiaomi', 29, 'ООО "Золотая жизнь"'),
           ('Ковер "Модный"', 'ООО "Производство ковров"', 6, 'ООО "Мир ковров"'),
           ('Водка "Казаки"', 'ОАО "Самогон"', 2, 'ООО "Ваше Здоровье"'),
           ('Коньяк армянский', 'ОАО "Мытищинский ликероводочный завод"', 51, 'ООО "Ваше Здоровье"'),
           ('Смартфон Xiaomi Redmi Note 8', 'Xiaomi', 43, 'ООО "Золотая жизнь"'),
           ('Бомбер "Predd Fery"', 'ООО "中國狗屎"', 5, 'ООО "Одежда из Италии"'),
           ('Кроссовки спортивные "Bulinsiaga"', 'ООО "吉爾吉斯消費品"', 1, 'ООО "Одежда из Италии"'),
           ('Шелковая ткань', 'ООО "中國狗屎"', 102, 'Ткани из Китая'),
           ('Кошелек "Луи как оригинал Виттон"', 'ООО "吉爾吉斯消費品"', 98, 'ООО "Аксессуары"'),
           ('Вырезка куриная "Петушок"', 'ООО "Нягоньский мясокомбинат"', 75, 'ООО "Куриный рай"'),
           ('Вырезка говяжьих анусов, 1 кг', 'ИП Хрунин С.С.', 64, 'ООО "Мяско"')

INSERT INTO Purchases (purchase_id, product_id, quantity, default_cost)
    VALUES (1, 1, 5, 5000),
           (1, 7, 10, 300),
           (1, 8, 10, 500),
           (2, 2, 1, 8500),
           (3, 3, 2, 4000),
           (4, 5, 1, 25000),
           (5, 5, 1, 25000),
           (6, 7, 1, 300),
           (6, 8, 1, 500),
           (7, 15, 5, 200),
           (7, 7, 2, 300),
           (8, 10, 1, 2000),
           (9, 11, 1, 1500),
           (10, 13, 1, 7000),
           (10, 14, 2, 150)

INSERT INTO Receipts (customer_id, purchase_id, worker_name, date)
    VALUES (1, 1, 'Спиридон Гектор Прокофьевич', '04/01/2020'),
           (5, 2, 'Алексеев Павел Анатольевич', '04/02/2020'),
           (10, 3, 'Спиридон Гектор Прокофьевич', '24/01/2020'),
           (11, 4, 'Алёхина Елена Дмитриевна', '10/10/2019'),
           (3, 5, 'Алексеев Павел Анатольевич', '24/06/2019'),
           (4, 6, 'Спиридон Гектор Прокофьевич', '09/06/2019'),
           (9, 7, 'Алексеев Павел Анатольевич', '05/05/2019'),
           (6, 8, 'Алексеев Павел Анатольевич', '14/09/2019'),
           (15, 9, 'Алексеев Павел Анатольевич', '19/01/2020'),
           (1, 10, 'Алёхина Елена Дмитриевна', '30/03/2019')

GO